Profile,Mode,Repetition,Sample_Index,Latency_ms
R0,Plain_ONNX,1,1,0.3032
R0,Plain_ONNX,1,2,0.3393
R0,Plain_ONNX,1,3,0.2810
R0,Plain_ONNX,1,4,0.2635
R0,Plain_ONNX,1,5,0.2627
R0,Plain_ONNX,1,6,0.2636
R0,Plain_ONNX,1,7,0.2578
R0,Plain_ONNX,1,8,0.2574
R0,Plain_ONNX,1,9,0.2559
R0,Plain_ONNX,1,10,0.3149
R0,Plain_ONNX,1,11,0.2628
R0,Plain_ONNX,1,12,0.2615
R0,Plain_ONNX,1,13,0.2607
R0,Plain_ONNX,1,14,0.2647
R0,Plain_ONNX,1,15,0.2595
R0,Plain_ONNX,1,16,0.2620
R0,Plain_ONNX,1,17,0.3370
R0,Plain_ONNX,1,18,0.2683
R0,Plain_ONNX,1,19,0.2588
R0,Plain_ONNX,1,20,0.3002
R0,Plain_ONNX,2,1,0.3032
R0,Plain_ONNX,2,2,0.3393
R0,Plain_ONNX,2,3,0.2810
R0,Plain_ONNX,2,4,0.2635
R0,Plain_ONNX,2,5,0.2627
R0,Plain_ONNX,2,6,0.2636
R0,Plain_ONNX,2,7,0.2578
R0,Plain_ONNX,2,8,0.2574
R0,Plain_ONNX,2,9,0.2559
R0,Plain_ONNX,2,10,0.3149
R0,Plain_ONNX,2,11,0.2628
R0,Plain_ONNX,2,12,0.2615
R0,Plain_ONNX,2,13,0.2607
R0,Plain_ONNX,2,14,0.2647
R0,Plain_ONNX,2,15,0.2595
R0,Plain_ONNX,2,16,0.2620
R0,Plain_ONNX,2,17,0.3370
R0,Plain_ONNX,2,18,0.2683
R0,Plain_ONNX,2,19,0.2588
R0,Plain_ONNX,2,20,0.3002
R0,Plain_ONNX,3,1,0.3032
R0,Plain_ONNX,3,2,0.3393
R0,Plain_ONNX,3,3,0.2810
R0,Plain_ONNX,3,4,0.2635
R0,Plain_ONNX,3,5,0.2627
R0,Plain_ONNX,3,6,0.2636
R0,Plain_ONNX,3,7,0.2578
R0,Plain_ONNX,3,8,0.2574
R0,Plain_ONNX,3,9,0.2559
R0,Plain_ONNX,3,10,0.3149
R0,Plain_ONNX,3,11,0.2628
R0,Plain_ONNX,3,12,0.2615
R0,Plain_ONNX,3,13,0.2607
R0,Plain_ONNX,3,14,0.2647
R0,Plain_ONNX,3,15,0.2595
R0,Plain_ONNX,3,16,0.2620
R0,Plain_ONNX,3,17,0.3370
R0,Plain_ONNX,3,18,0.2683
R0,Plain_ONNX,3,19,0.2588
R0,Plain_ONNX,3,20,0.3002
R0,Plain_ONNX,4,1,0.3032
R0,Plain_ONNX,4,2,0.3393
R0,Plain_ONNX,4,3,0.2810
R0,Plain_ONNX,4,4,0.2635
R0,Plain_ONNX,4,5,0.2627
R0,Plain_ONNX,4,6,0.2636
R0,Plain_ONNX,4,7,0.2578
R0,Plain_ONNX,4,8,0.2574
R0,Plain_ONNX,4,9,0.2559
R0,Plain_ONNX,4,10,0.3149
R0,Plain_ONNX,4,11,0.2628
R0,Plain_ONNX,4,12,0.2615
R0,Plain_ONNX,4,13,0.2607
R0,Plain_ONNX,4,14,0.2647
R0,Plain_ONNX,4,15,0.2595
R0,Plain_ONNX,4,16,0.2620
R0,Plain_ONNX,4,17,0.3370
R0,Plain_ONNX,4,18,0.2683
R0,Plain_ONNX,4,19,0.2588
R0,Plain_ONNX,4,20,0.3002
R0,Plain_ONNX,5,1,0.3032
R0,Plain_ONNX,5,2,0.3393
R0,Plain_ONNX,5,3,0.2810
R0,Plain_ONNX,5,4,0.2635
R0,Plain_ONNX,5,5,0.2627
R0,Plain_ONNX,5,6,0.2636
R0,Plain_ONNX,5,7,0.2578
R0,Plain_ONNX,5,8,0.2574
R0,Plain_ONNX,5,9,0.2559
R0,Plain_ONNX,5,10,0.3149
R0,Plain_ONNX,5,11,0.2628
R0,Plain_ONNX,5,12,0.2615
R0,Plain_ONNX,5,13,0.2607
R0,Plain_ONNX,5,14,0.2647
R0,Plain_ONNX,5,15,0.2595
R0,Plain_ONNX,5,16,0.2620
R0,Plain_ONNX,5,17,0.3370
R0,Plain_ONNX,5,18,0.2683
R0,Plain_ONNX,5,19,0.2588
R0,Plain_ONNX,5,20,0.3002
R0,SEMANTICSHIELD,1,1,0.8151
R0,SEMANTICSHIELD,1,2,0.9249
R0,SEMANTICSHIELD,1,3,0.8334
R0,SEMANTICSHIELD,1,4,0.7953
R0,SEMANTICSHIELD,1,5,0.8319
R0,SEMANTICSHIELD,1,6,0.7924
R0,SEMANTICSHIELD,1,7,0.8780
R0,SEMANTICSHIELD,1,8,0.8014
R0,SEMANTICSHIELD,1,9,0.7905
R0,SEMANTICSHIELD,1,10,0.8610
R0,SEMANTICSHIELD,1,11,0.8115
R0,SEMANTICSHIELD,1,12,1.1422
R0,SEMANTICSHIELD,1,13,0.9888
R0,SEMANTICSHIELD,1,14,0.8679
R0,SEMANTICSHIELD,1,15,0.8667
R0,SEMANTICSHIELD,1,16,0.8927
R0,SEMANTICSHIELD,1,17,0.7963
R0,SEMANTICSHIELD,1,18,0.7949
R0,SEMANTICSHIELD,1,19,0.8202
R0,SEMANTICSHIELD,1,20,0.7901
R0,SEMANTICSHIELD,2,1,0.8151
R0,SEMANTICSHIELD,2,2,0.9249
R0,SEMANTICSHIELD,2,3,0.8334
R0,SEMANTICSHIELD,2,4,0.7953
R0,SEMANTICSHIELD,2,5,0.8319
R0,SEMANTICSHIELD,2,6,0.7924
R0,SEMANTICSHIELD,2,7,0.8780
R0,SEMANTICSHIELD,2,8,0.8014
R0,SEMANTICSHIELD,2,9,0.7905
R0,SEMANTICSHIELD,2,10,0.8610
R0,SEMANTICSHIELD,2,11,0.8115
R0,SEMANTICSHIELD,2,12,1.1422
R0,SEMANTICSHIELD,2,13,0.9888
R0,SEMANTICSHIELD,2,14,0.8679
R0,SEMANTICSHIELD,2,15,0.8667
R0,SEMANTICSHIELD,2,16,0.8927
R0,SEMANTICSHIELD,2,17,0.7963
R0,SEMANTICSHIELD,2,18,0.7949
R0,SEMANTICSHIELD,2,19,0.8202
R0,SEMANTICSHIELD,2,20,0.7901
R0,SEMANTICSHIELD,3,1,0.8151
R0,SEMANTICSHIELD,3,2,0.9249
R0,SEMANTICSHIELD,3,3,0.8334
R0,SEMANTICSHIELD,3,4,0.7953
R0,SEMANTICSHIELD,3,5,0.8319
R0,SEMANTICSHIELD,3,6,0.7924
R0,SEMANTICSHIELD,3,7,0.8780
R0,SEMANTICSHIELD,3,8,0.8014
R0,SEMANTICSHIELD,3,9,0.7905
R0,SEMANTICSHIELD,3,10,0.8610
R0,SEMANTICSHIELD,3,11,0.8115
R0,SEMANTICSHIELD,3,12,1.1422
R0,SEMANTICSHIELD,3,13,0.9888
R0,SEMANTICSHIELD,3,14,0.8679
R0,SEMANTICSHIELD,3,15,0.8667
R0,SEMANTICSHIELD,3,16,0.8927
R0,SEMANTICSHIELD,3,17,0.7963
R0,SEMANTICSHIELD,3,18,0.7949
R0,SEMANTICSHIELD,3,19,0.8202
R0,SEMANTICSHIELD,3,20,0.7901
R0,SEMANTICSHIELD,4,1,0.8151
R0,SEMANTICSHIELD,4,2,0.9249
R0,SEMANTICSHIELD,4,3,0.8334
R0,SEMANTICSHIELD,4,4,0.7953
R0,SEMANTICSHIELD,4,5,0.8319
R0,SEMANTICSHIELD,4,6,0.7924
R0,SEMANTICSHIELD,4,7,0.8780
R0,SEMANTICSHIELD,4,8,0.8014
R0,SEMANTICSHIELD,4,9,0.7905
R0,SEMANTICSHIELD,4,10,0.8610
R0,SEMANTICSHIELD,4,11,0.8115
R0,SEMANTICSHIELD,4,12,1.1422
R0,SEMANTICSHIELD,4,13,0.9888
R0,SEMANTICSHIELD,4,14,0.8679
R0,SEMANTICSHIELD,4,15,0.8667
R0,SEMANTICSHIELD,4,16,0.8927
R0,SEMANTICSHIELD,4,17,0.7963
R0,SEMANTICSHIELD,4,18,0.7949
R0,SEMANTICSHIELD,4,19,0.8202
R0,SEMANTICSHIELD,4,20,0.7901
R0,SEMANTICSHIELD,5,1,0.8151
R0,SEMANTICSHIELD,5,2,0.9249
R0,SEMANTICSHIELD,5,3,0.8334
R0,SEMANTICSHIELD,5,4,0.7953
R0,SEMANTICSHIELD,5,5,0.8319
R0,SEMANTICSHIELD,5,6,0.7924
R0,SEMANTICSHIELD,5,7,0.8780
R0,SEMANTICSHIELD,5,8,0.8014
R0,SEMANTICSHIELD,5,9,0.7905
R0,SEMANTICSHIELD,5,10,0.8610
R0,SEMANTICSHIELD,5,11,0.8115
R0,SEMANTICSHIELD,5,12,1.1422
R0,SEMANTICSHIELD,5,13,0.9888
R0,SEMANTICSHIELD,5,14,0.8679
R0,SEMANTICSHIELD,5,15,0.8667
R0,SEMANTICSHIELD,5,16,0.8927
R0,SEMANTICSHIELD,5,17,0.7963
R0,SEMANTICSHIELD,5,18,0.7949
R0,SEMANTICSHIELD,5,19,0.8202
R0,SEMANTICSHIELD,5,20,0.7901
R1,Plain_ONNX,1,1,0.2851
R1,Plain_ONNX,1,2,0.2613
R1,Plain_ONNX,1,3,0.2507
R1,Plain_ONNX,1,4,0.2523
R1,Plain_ONNX,1,5,0.2500
R1,Plain_ONNX,1,6,0.2505
R1,Plain_ONNX,1,7,0.2890
R1,Plain_ONNX,1,8,0.2501
R1,Plain_ONNX,1,9,0.2450
R1,Plain_ONNX,1,10,0.2547
R1,Plain_ONNX,1,11,0.2518
R1,Plain_ONNX,1,12,0.2506
R1,Plain_ONNX,1,13,0.2489
R1,Plain_ONNX,1,14,0.3592
R1,Plain_ONNX,1,15,0.2557
R1,Plain_ONNX,1,16,0.2466
R1,Plain_ONNX,1,17,0.2467
R1,Plain_ONNX,1,18,0.2448
R1,Plain_ONNX,1,19,0.2449
R1,Plain_ONNX,1,20,0.2443
R1,Plain_ONNX,2,1,0.2851
R1,Plain_ONNX,2,2,0.2613
R1,Plain_ONNX,2,3,0.2507
R1,Plain_ONNX,2,4,0.2523
R1,Plain_ONNX,2,5,0.2500
R1,Plain_ONNX,2,6,0.2505
R1,Plain_ONNX,2,7,0.2890
R1,Plain_ONNX,2,8,0.2501
R1,Plain_ONNX,2,9,0.2450
R1,Plain_ONNX,2,10,0.2547
R1,Plain_ONNX,2,11,0.2518
R1,Plain_ONNX,2,12,0.2506
R1,Plain_ONNX,2,13,0.2489
R1,Plain_ONNX,2,14,0.3592
R1,Plain_ONNX,2,15,0.2557
R1,Plain_ONNX,2,16,0.2466
R1,Plain_ONNX,2,17,0.2467
R1,Plain_ONNX,2,18,0.2448
R1,Plain_ONNX,2,19,0.2449
R1,Plain_ONNX,2,20,0.2443
R1,Plain_ONNX,3,1,0.2851
R1,Plain_ONNX,3,2,0.2613
R1,Plain_ONNX,3,3,0.2507
R1,Plain_ONNX,3,4,0.2523
R1,Plain_ONNX,3,5,0.2500
R1,Plain_ONNX,3,6,0.2505
R1,Plain_ONNX,3,7,0.2890
R1,Plain_ONNX,3,8,0.2501
R1,Plain_ONNX,3,9,0.2450
R1,Plain_ONNX,3,10,0.2547
R1,Plain_ONNX,3,11,0.2518
R1,Plain_ONNX,3,12,0.2506
R1,Plain_ONNX,3,13,0.2489
R1,Plain_ONNX,3,14,0.3592
R1,Plain_ONNX,3,15,0.2557
R1,Plain_ONNX,3,16,0.2466
R1,Plain_ONNX,3,17,0.2467
R1,Plain_ONNX,3,18,0.2448
R1,Plain_ONNX,3,19,0.2449
R1,Plain_ONNX,3,20,0.2443
R1,Plain_ONNX,4,1,0.2851
R1,Plain_ONNX,4,2,0.2613
R1,Plain_ONNX,4,3,0.2507
R1,Plain_ONNX,4,4,0.2523
R1,Plain_ONNX,4,5,0.2500
R1,Plain_ONNX,4,6,0.2505
R1,Plain_ONNX,4,7,0.2890
R1,Plain_ONNX,4,8,0.2501
R1,Plain_ONNX,4,9,0.2450
R1,Plain_ONNX,4,10,0.2547
R1,Plain_ONNX,4,11,0.2518
R1,Plain_ONNX,4,12,0.2506
R1,Plain_ONNX,4,13,0.2489
R1,Plain_ONNX,4,14,0.3592
R1,Plain_ONNX,4,15,0.2557
R1,Plain_ONNX,4,16,0.2466
R1,Plain_ONNX,4,17,0.2467
R1,Plain_ONNX,4,18,0.2448
R1,Plain_ONNX,4,19,0.2449
R1,Plain_ONNX,4,20,0.2443
R1,Plain_ONNX,5,1,0.2851
R1,Plain_ONNX,5,2,0.2613
R1,Plain_ONNX,5,3,0.2507
R1,Plain_ONNX,5,4,0.2523
R1,Plain_ONNX,5,5,0.2500
R1,Plain_ONNX,5,6,0.2505
R1,Plain_ONNX,5,7,0.2890
R1,Plain_ONNX,5,8,0.2501
R1,Plain_ONNX,5,9,0.2450
R1,Plain_ONNX,5,10,0.2547
R1,Plain_ONNX,5,11,0.2518
R1,Plain_ONNX,5,12,0.2506
R1,Plain_ONNX,5,13,0.2489
R1,Plain_ONNX,5,14,0.3592
R1,Plain_ONNX,5,15,0.2557
R1,Plain_ONNX,5,16,0.2466
R1,Plain_ONNX,5,17,0.2467
R1,Plain_ONNX,5,18,0.2448
R1,Plain_ONNX,5,19,0.2449
R1,Plain_ONNX,5,20,0.2443
R1,SEMANTICSHIELD,1,1,1.7250
R1,SEMANTICSHIELD,1,2,1.4920
R1,SEMANTICSHIELD,1,3,1.5231
R1,SEMANTICSHIELD,1,4,1.1886
R1,SEMANTICSHIELD,1,5,1.3054
R1,SEMANTICSHIELD,1,6,1.3708
R1,SEMANTICSHIELD,1,7,1.2549
R1,SEMANTICSHIELD,1,8,1.2649
R1,SEMANTICSHIELD,1,9,1.3544
R1,SEMANTICSHIELD,1,10,1.9863
R1,SEMANTICSHIELD,1,11,1.7392
R1,SEMANTICSHIELD,1,12,1.4454
R1,SEMANTICSHIELD,1,13,1.1163
R1,SEMANTICSHIELD,1,14,1.3749
R1,SEMANTICSHIELD,1,15,1.0242
R1,SEMANTICSHIELD,1,16,1.1067
R1,SEMANTICSHIELD,1,17,2.0141
R1,SEMANTICSHIELD,1,18,2.4801
R1,SEMANTICSHIELD,1,19,2.4291
R1,SEMANTICSHIELD,1,20,2.4988
R1,SEMANTICSHIELD,2,1,1.7250
R1,SEMANTICSHIELD,2,2,1.4920
R1,SEMANTICSHIELD,2,3,1.5231
R1,SEMANTICSHIELD,2,4,1.1886
R1,SEMANTICSHIELD,2,5,1.3054
R1,SEMANTICSHIELD,2,6,1.3708
R1,SEMANTICSHIELD,2,7,1.2549
R1,SEMANTICSHIELD,2,8,1.2649
R1,SEMANTICSHIELD,2,9,1.3544
R1,SEMANTICSHIELD,2,10,1.9863
R1,SEMANTICSHIELD,2,11,1.7392
R1,SEMANTICSHIELD,2,12,1.4454
R1,SEMANTICSHIELD,2,13,1.1163
R1,SEMANTICSHIELD,2,14,1.3749
R1,SEMANTICSHIELD,2,15,1.0242
R1,SEMANTICSHIELD,2,16,1.1067
R1,SEMANTICSHIELD,2,17,2.0141
R1,SEMANTICSHIELD,2,18,2.4801
R1,SEMANTICSHIELD,2,19,2.4291
R1,SEMANTICSHIELD,2,20,2.4988
R1,SEMANTICSHIELD,3,1,1.7250
R1,SEMANTICSHIELD,3,2,1.4920
R1,SEMANTICSHIELD,3,3,1.5231
R1,SEMANTICSHIELD,3,4,1.1886
R1,SEMANTICSHIELD,3,5,1.3054
R1,SEMANTICSHIELD,3,6,1.3708
R1,SEMANTICSHIELD,3,7,1.2549
R1,SEMANTICSHIELD,3,8,1.2649
R1,SEMANTICSHIELD,3,9,1.3544
R1,SEMANTICSHIELD,3,10,1.9863
R1,SEMANTICSHIELD,3,11,1.7392
R1,SEMANTICSHIELD,3,12,1.4454
R1,SEMANTICSHIELD,3,13,1.1163
R1,SEMANTICSHIELD,3,14,1.3749
R1,SEMANTICSHIELD,3,15,1.0242
R1,SEMANTICSHIELD,3,16,1.1067
R1,SEMANTICSHIELD,3,17,2.0141
R1,SEMANTICSHIELD,3,18,2.4801
R1,SEMANTICSHIELD,3,19,2.4291
R1,SEMANTICSHIELD,3,20,2.4988
R1,SEMANTICSHIELD,4,1,1.7250
R1,SEMANTICSHIELD,4,2,1.4920
R1,SEMANTICSHIELD,4,3,1.5231
R1,SEMANTICSHIELD,4,4,1.1886
R1,SEMANTICSHIELD,4,5,1.3054
R1,SEMANTICSHIELD,4,6,1.3708
R1,SEMANTICSHIELD,4,7,1.2549
R1,SEMANTICSHIELD,4,8,1.2649
R1,SEMANTICSHIELD,4,9,1.3544
R1,SEMANTICSHIELD,4,10,1.9863
R1,SEMANTICSHIELD,4,11,1.7392
R1,SEMANTICSHIELD,4,12,1.4454
R1,SEMANTICSHIELD,4,13,1.1163
R1,SEMANTICSHIELD,4,14,1.3749
R1,SEMANTICSHIELD,4,15,1.0242
R1,SEMANTICSHIELD,4,16,1.1067
R1,SEMANTICSHIELD,4,17,2.0141
R1,SEMANTICSHIELD,4,18,2.4801
R1,SEMANTICSHIELD,4,19,2.4291
R1,SEMANTICSHIELD,4,20,2.4988
R1,SEMANTICSHIELD,5,1,1.7250
R1,SEMANTICSHIELD,5,2,1.4920
R1,SEMANTICSHIELD,5,3,1.5231
R1,SEMANTICSHIELD,5,4,1.1886
R1,SEMANTICSHIELD,5,5,1.3054
R1,SEMANTICSHIELD,5,6,1.3708
R1,SEMANTICSHIELD,5,7,1.2549
R1,SEMANTICSHIELD,5,8,1.2649
R1,SEMANTICSHIELD,5,9,1.3544
R1,SEMANTICSHIELD,5,10,1.9863
R1,SEMANTICSHIELD,5,11,1.7392
R1,SEMANTICSHIELD,5,12,1.4454
R1,SEMANTICSHIELD,5,13,1.1163
R1,SEMANTICSHIELD,5,14,1.3749
R1,SEMANTICSHIELD,5,15,1.0242
R1,SEMANTICSHIELD,5,16,1.1067
R1,SEMANTICSHIELD,5,17,2.0141
R1,SEMANTICSHIELD,5,18,2.4801
R1,SEMANTICSHIELD,5,19,2.4291
R1,SEMANTICSHIELD,5,20,2.4988
R2,Plain_ONNX,1,1,0.2902
R2,Plain_ONNX,1,2,0.2705
R2,Plain_ONNX,1,3,0.2611
R2,Plain_ONNX,1,4,0.2866
R2,Plain_ONNX,1,5,0.3530
R2,Plain_ONNX,1,6,0.2684
R2,Plain_ONNX,1,7,0.2636
R2,Plain_ONNX,1,8,0.2610
R2,Plain_ONNX,1,9,0.3009
R2,Plain_ONNX,1,10,0.2874
R2,Plain_ONNX,1,11,0.4673
R2,Plain_ONNX,1,12,0.3448
R2,Plain_ONNX,1,13,0.3547
R2,Plain_ONNX,1,14,0.3250
R2,Plain_ONNX,1,15,0.2650
R2,Plain_ONNX,1,16,0.2575
R2,Plain_ONNX,1,17,0.3034
R2,Plain_ONNX,1,18,0.3164
R2,Plain_ONNX,1,19,0.2579
R2,Plain_ONNX,1,20,0.2567
R2,Plain_ONNX,2,1,0.2902
R2,Plain_ONNX,2,2,0.2705
R2,Plain_ONNX,2,3,0.2611
R2,Plain_ONNX,2,4,0.2866
R2,Plain_ONNX,2,5,0.3530
R2,Plain_ONNX,2,6,0.2684
R2,Plain_ONNX,2,7,0.2636
R2,Plain_ONNX,2,8,0.2610
R2,Plain_ONNX,2,9,0.3009
R2,Plain_ONNX,2,10,0.2874
R2,Plain_ONNX,2,11,0.4673
R2,Plain_ONNX,2,12,0.3448
R2,Plain_ONNX,2,13,0.3547
R2,Plain_ONNX,2,14,0.3250
R2,Plain_ONNX,2,15,0.2650
R2,Plain_ONNX,2,16,0.2575
R2,Plain_ONNX,2,17,0.3034
R2,Plain_ONNX,2,18,0.3164
R2,Plain_ONNX,2,19,0.2579
R2,Plain_ONNX,2,20,0.2567
R2,Plain_ONNX,3,1,0.2902
R2,Plain_ONNX,3,2,0.2705
R2,Plain_ONNX,3,3,0.2611
R2,Plain_ONNX,3,4,0.2866
R2,Plain_ONNX,3,5,0.3530
R2,Plain_ONNX,3,6,0.2684
R2,Plain_ONNX,3,7,0.2636
R2,Plain_ONNX,3,8,0.2610
R2,Plain_ONNX,3,9,0.3009
R2,Plain_ONNX,3,10,0.2874
R2,Plain_ONNX,3,11,0.4673
R2,Plain_ONNX,3,12,0.3448
R2,Plain_ONNX,3,13,0.3547
R2,Plain_ONNX,3,14,0.3250
R2,Plain_ONNX,3,15,0.2650
R2,Plain_ONNX,3,16,0.2575
R2,Plain_ONNX,3,17,0.3034
R2,Plain_ONNX,3,18,0.3164
R2,Plain_ONNX,3,19,0.2579
R2,Plain_ONNX,3,20,0.2567
R2,Plain_ONNX,4,1,0.2902
R2,Plain_ONNX,4,2,0.2705
R2,Plain_ONNX,4,3,0.2611
R2,Plain_ONNX,4,4,0.2866
R2,Plain_ONNX,4,5,0.3530
R2,Plain_ONNX,4,6,0.2684
R2,Plain_ONNX,4,7,0.2636
R2,Plain_ONNX,4,8,0.2610
R2,Plain_ONNX,4,9,0.3009
R2,Plain_ONNX,4,10,0.2874
R2,Plain_ONNX,4,11,0.4673
R2,Plain_ONNX,4,12,0.3448
R2,Plain_ONNX,4,13,0.3547
R2,Plain_ONNX,4,14,0.3250
R2,Plain_ONNX,4,15,0.2650
R2,Plain_ONNX,4,16,0.2575
R2,Plain_ONNX,4,17,0.3034
R2,Plain_ONNX,4,18,0.3164
R2,Plain_ONNX,4,19,0.2579
R2,Plain_ONNX,4,20,0.2567
R2,Plain_ONNX,5,1,0.2902
R2,Plain_ONNX,5,2,0.2705
R2,Plain_ONNX,5,3,0.2611
R2,Plain_ONNX,5,4,0.2866
R2,Plain_ONNX,5,5,0.3530
R2,Plain_ONNX,5,6,0.2684
R2,Plain_ONNX,5,7,0.2636
R2,Plain_ONNX,5,8,0.2610
R2,Plain_ONNX,5,9,0.3009
R2,Plain_ONNX,5,10,0.2874
R2,Plain_ONNX,5,11,0.4673
R2,Plain_ONNX,5,12,0.3448
R2,Plain_ONNX,5,13,0.3547
R2,Plain_ONNX,5,14,0.3250
R2,Plain_ONNX,5,15,0.2650
R2,Plain_ONNX,5,16,0.2575
R2,Plain_ONNX,5,17,0.3034
R2,Plain_ONNX,5,18,0.3164
R2,Plain_ONNX,5,19,0.2579
R2,Plain_ONNX,5,20,0.2567
R2,SEMANTICSHIELD,1,1,0.9544
R2,SEMANTICSHIELD,1,2,0.8533
R2,SEMANTICSHIELD,1,3,0.9561
R2,SEMANTICSHIELD,1,4,0.8738
R2,SEMANTICSHIELD,1,5,1.5440
R2,SEMANTICSHIELD,1,6,1.0049
R2,SEMANTICSHIELD,1,7,0.9181
R2,SEMANTICSHIELD,1,8,0.8720
R2,SEMANTICSHIELD,1,9,0.8476
R2,SEMANTICSHIELD,1,10,0.9030
R2,SEMANTICSHIELD,1,11,0.8535
R2,SEMANTICSHIELD,1,12,0.8059
R2,SEMANTICSHIELD,1,13,0.9203
R2,SEMANTICSHIELD,1,14,0.8114
R2,SEMANTICSHIELD,1,15,0.8741
R2,SEMANTICSHIELD,1,16,0.8106
R2,SEMANTICSHIELD,1,17,0.8023
R2,SEMANTICSHIELD,1,18,0.9331
R2,SEMANTICSHIELD,1,19,0.8098
R2,SEMANTICSHIELD,1,20,0.8691
R2,SEMANTICSHIELD,2,1,0.9544
R2,SEMANTICSHIELD,2,2,0.8533
R2,SEMANTICSHIELD,2,3,0.9561
R2,SEMANTICSHIELD,2,4,0.8738
R2,SEMANTICSHIELD,2,5,1.5440
R2,SEMANTICSHIELD,2,6,1.0049
R2,SEMANTICSHIELD,2,7,0.9181
R2,SEMANTICSHIELD,2,8,0.8720
R2,SEMANTICSHIELD,2,9,0.8476
R2,SEMANTICSHIELD,2,10,0.9030
R2,SEMANTICSHIELD,2,11,0.8535
R2,SEMANTICSHIELD,2,12,0.8059
R2,SEMANTICSHIELD,2,13,0.9203
R2,SEMANTICSHIELD,2,14,0.8114
R2,SEMANTICSHIELD,2,15,0.8741
R2,SEMANTICSHIELD,2,16,0.8106
R2,SEMANTICSHIELD,2,17,0.8023
R2,SEMANTICSHIELD,2,18,0.9331
R2,SEMANTICSHIELD,2,19,0.8098
R2,SEMANTICSHIELD,2,20,0.8691
R2,SEMANTICSHIELD,3,1,0.9544
R2,SEMANTICSHIELD,3,2,0.8533
R2,SEMANTICSHIELD,3,3,0.9561
R2,SEMANTICSHIELD,3,4,0.8738
R2,SEMANTICSHIELD,3,5,1.5440
R2,SEMANTICSHIELD,3,6,1.0049
R2,SEMANTICSHIELD,3,7,0.9181
R2,SEMANTICSHIELD,3,8,0.8720
R2,SEMANTICSHIELD,3,9,0.8476
R2,SEMANTICSHIELD,3,10,0.9030
R2,SEMANTICSHIELD,3,11,0.8535
R2,SEMANTICSHIELD,3,12,0.8059
R2,SEMANTICSHIELD,3,13,0.9203
R2,SEMANTICSHIELD,3,14,0.8114
R2,SEMANTICSHIELD,3,15,0.8741
R2,SEMANTICSHIELD,3,16,0.8106
R2,SEMANTICSHIELD,3,17,0.8023
R2,SEMANTICSHIELD,3,18,0.9331
R2,SEMANTICSHIELD,3,19,0.8098
R2,SEMANTICSHIELD,3,20,0.8691
R2,SEMANTICSHIELD,4,1,0.9544
R2,SEMANTICSHIELD,4,2,0.8533
R2,SEMANTICSHIELD,4,3,0.9561
R2,SEMANTICSHIELD,4,4,0.8738
R2,SEMANTICSHIELD,4,5,1.5440
R2,SEMANTICSHIELD,4,6,1.0049
R2,SEMANTICSHIELD,4,7,0.9181
R2,SEMANTICSHIELD,4,8,0.8720
R2,SEMANTICSHIELD,4,9,0.8476
R2,SEMANTICSHIELD,4,10,0.9030
R2,SEMANTICSHIELD,4,11,0.8535
R2,SEMANTICSHIELD,4,12,0.8059
R2,SEMANTICSHIELD,4,13,0.9203
R2,SEMANTICSHIELD,4,14,0.8114
R2,SEMANTICSHIELD,4,15,0.8741
R2,SEMANTICSHIELD,4,16,0.8106
R2,SEMANTICSHIELD,4,17,0.8023
R2,SEMANTICSHIELD,4,18,0.9331
R2,SEMANTICSHIELD,4,19,0.8098
R2,SEMANTICSHIELD,4,20,0.8691
R2,SEMANTICSHIELD,5,1,0.9544
R2,SEMANTICSHIELD,5,2,0.8533
R2,SEMANTICSHIELD,5,3,0.9561
R2,SEMANTICSHIELD,5,4,0.8738
R2,SEMANTICSHIELD,5,5,1.5440
R2,SEMANTICSHIELD,5,6,1.0049
R2,SEMANTICSHIELD,5,7,0.9181
R2,SEMANTICSHIELD,5,8,0.8720
R2,SEMANTICSHIELD,5,9,0.8476
R2,SEMANTICSHIELD,5,10,0.9030
R2,SEMANTICSHIELD,5,11,0.8535
R2,SEMANTICSHIELD,5,12,0.8059
R2,SEMANTICSHIELD,5,13,0.9203
R2,SEMANTICSHIELD,5,14,0.8114
R2,SEMANTICSHIELD,5,15,0.8741
R2,SEMANTICSHIELD,5,16,0.8106
R2,SEMANTICSHIELD,5,17,0.8023
R2,SEMANTICSHIELD,5,18,0.9331
R2,SEMANTICSHIELD,5,19,0.8098
R2,SEMANTICSHIELD,5,20,0.8691
R3,Plain_ONNX,1,1,0.3351
R3,Plain_ONNX,1,2,0.2701
R3,Plain_ONNX,1,3,0.2619
R3,Plain_ONNX,1,4,0.2617
R3,Plain_ONNX,1,5,0.2594
R3,Plain_ONNX,1,6,0.2619
R3,Plain_ONNX,1,7,0.2598
R3,Plain_ONNX,1,8,0.2964
R3,Plain_ONNX,1,9,0.2661
R3,Plain_ONNX,1,10,0.2656
R3,Plain_ONNX,1,11,0.2650
R3,Plain_ONNX,1,12,0.3415
R3,Plain_ONNX,1,13,0.2663
R3,Plain_ONNX,1,14,0.2626
R3,Plain_ONNX,1,15,0.2967
R3,Plain_ONNX,1,16,0.2682
R3,Plain_ONNX,1,17,0.2624
R3,Plain_ONNX,1,18,0.2615
R3,Plain_ONNX,1,19,0.2572
R3,Plain_ONNX,1,20,0.2599
R3,Plain_ONNX,2,1,0.3351
R3,Plain_ONNX,2,2,0.2701
R3,Plain_ONNX,2,3,0.2619
R3,Plain_ONNX,2,4,0.2617
R3,Plain_ONNX,2,5,0.2594
R3,Plain_ONNX,2,6,0.2619
R3,Plain_ONNX,2,7,0.2598
R3,Plain_ONNX,2,8,0.2964
R3,Plain_ONNX,2,9,0.2661
R3,Plain_ONNX,2,10,0.2656
R3,Plain_ONNX,2,11,0.2650
R3,Plain_ONNX,2,12,0.3415
R3,Plain_ONNX,2,13,0.2663
R3,Plain_ONNX,2,14,0.2626
R3,Plain_ONNX,2,15,0.2967
R3,Plain_ONNX,2,16,0.2682
R3,Plain_ONNX,2,17,0.2624
R3,Plain_ONNX,2,18,0.2615
R3,Plain_ONNX,2,19,0.2572
R3,Plain_ONNX,2,20,0.2599
R3,Plain_ONNX,3,1,0.3351
R3,Plain_ONNX,3,2,0.2701
R3,Plain_ONNX,3,3,0.2619
R3,Plain_ONNX,3,4,0.2617
R3,Plain_ONNX,3,5,0.2594
R3,Plain_ONNX,3,6,0.2619
R3,Plain_ONNX,3,7,0.2598
R3,Plain_ONNX,3,8,0.2964
R3,Plain_ONNX,3,9,0.2661
R3,Plain_ONNX,3,10,0.2656
R3,Plain_ONNX,3,11,0.2650
R3,Plain_ONNX,3,12,0.3415
R3,Plain_ONNX,3,13,0.2663
R3,Plain_ONNX,3,14,0.2626
R3,Plain_ONNX,3,15,0.2967
R3,Plain_ONNX,3,16,0.2682
R3,Plain_ONNX,3,17,0.2624
R3,Plain_ONNX,3,18,0.2615
R3,Plain_ONNX,3,19,0.2572
R3,Plain_ONNX,3,20,0.2599
R3,Plain_ONNX,4,1,0.3351
R3,Plain_ONNX,4,2,0.2701
R3,Plain_ONNX,4,3,0.2619
R3,Plain_ONNX,4,4,0.2617
R3,Plain_ONNX,4,5,0.2594
R3,Plain_ONNX,4,6,0.2619
R3,Plain_ONNX,4,7,0.2598
R3,Plain_ONNX,4,8,0.2964
R3,Plain_ONNX,4,9,0.2661
R3,Plain_ONNX,4,10,0.2656
R3,Plain_ONNX,4,11,0.2650
R3,Plain_ONNX,4,12,0.3415
R3,Plain_ONNX,4,13,0.2663
R3,Plain_ONNX,4,14,0.2626
R3,Plain_ONNX,4,15,0.2967
R3,Plain_ONNX,4,16,0.2682
R3,Plain_ONNX,4,17,0.2624
R3,Plain_ONNX,4,18,0.2615
R3,Plain_ONNX,4,19,0.2572
R3,Plain_ONNX,4,20,0.2599
R3,Plain_ONNX,5,1,0.3351
R3,Plain_ONNX,5,2,0.2701
R3,Plain_ONNX,5,3,0.2619
R3,Plain_ONNX,5,4,0.2617
R3,Plain_ONNX,5,5,0.2594
R3,Plain_ONNX,5,6,0.2619
R3,Plain_ONNX,5,7,0.2598
R3,Plain_ONNX,5,8,0.2964
R3,Plain_ONNX,5,9,0.2661
R3,Plain_ONNX,5,10,0.2656
R3,Plain_ONNX,5,11,0.2650
R3,Plain_ONNX,5,12,0.3415
R3,Plain_ONNX,5,13,0.2663
R3,Plain_ONNX,5,14,0.2626
R3,Plain_ONNX,5,15,0.2967
R3,Plain_ONNX,5,16,0.2682
R3,Plain_ONNX,5,17,0.2624
R3,Plain_ONNX,5,18,0.2615
R3,Plain_ONNX,5,19,0.2572
R3,Plain_ONNX,5,20,0.2599
R3,SEMANTICSHIELD,1,1,0.8900
R3,SEMANTICSHIELD,1,2,0.8036
R3,SEMANTICSHIELD,1,3,0.9515
R3,SEMANTICSHIELD,1,4,1.4716
R3,SEMANTICSHIELD,1,5,1.0831
R3,SEMANTICSHIELD,1,6,1.1092
R3,SEMANTICSHIELD,1,7,0.9590
R3,SEMANTICSHIELD,1,8,0.8556
R3,SEMANTICSHIELD,1,9,0.8700
R3,SEMANTICSHIELD,1,10,0.8390
R3,SEMANTICSHIELD,1,11,0.7905
R3,SEMANTICSHIELD,1,12,0.8512
R3,SEMANTICSHIELD,1,13,0.7902
R3,SEMANTICSHIELD,1,14,0.8842
R3,SEMANTICSHIELD,1,15,0.7893
R3,SEMANTICSHIELD,1,16,0.7876
R3,SEMANTICSHIELD,1,17,0.8982
R3,SEMANTICSHIELD,1,18,0.7998
R3,SEMANTICSHIELD,1,19,0.8474
R3,SEMANTICSHIELD,1,20,0.9019
R3,SEMANTICSHIELD,2,1,0.8900
R3,SEMANTICSHIELD,2,2,0.8036
R3,SEMANTICSHIELD,2,3,0.9515
R3,SEMANTICSHIELD,2,4,1.4716
R3,SEMANTICSHIELD,2,5,1.0831
R3,SEMANTICSHIELD,2,6,1.1092
R3,SEMANTICSHIELD,2,7,0.9590
R3,SEMANTICSHIELD,2,8,0.8556
R3,SEMANTICSHIELD,2,9,0.8700
R3,SEMANTICSHIELD,2,10,0.8390
R3,SEMANTICSHIELD,2,11,0.7905
R3,SEMANTICSHIELD,2,12,0.8512
R3,SEMANTICSHIELD,2,13,0.7902
R3,SEMANTICSHIELD,2,14,0.8842
R3,SEMANTICSHIELD,2,15,0.7893
R3,SEMANTICSHIELD,2,16,0.7876
R3,SEMANTICSHIELD,2,17,0.8982
R3,SEMANTICSHIELD,2,18,0.7998
R3,SEMANTICSHIELD,2,19,0.8474
R3,SEMANTICSHIELD,2,20,0.9019
R3,SEMANTICSHIELD,3,1,0.8900
R3,SEMANTICSHIELD,3,2,0.8036
R3,SEMANTICSHIELD,3,3,0.9515
R3,SEMANTICSHIELD,3,4,1.4716
R3,SEMANTICSHIELD,3,5,1.0831
R3,SEMANTICSHIELD,3,6,1.1092
R3,SEMANTICSHIELD,3,7,0.9590
R3,SEMANTICSHIELD,3,8,0.8556
R3,SEMANTICSHIELD,3,9,0.8700
R3,SEMANTICSHIELD,3,10,0.8390
R3,SEMANTICSHIELD,3,11,0.7905
R3,SEMANTICSHIELD,3,12,0.8512
R3,SEMANTICSHIELD,3,13,0.7902
R3,SEMANTICSHIELD,3,14,0.8842
R3,SEMANTICSHIELD,3,15,0.7893
R3,SEMANTICSHIELD,3,16,0.7876
R3,SEMANTICSHIELD,3,17,0.8982
R3,SEMANTICSHIELD,3,18,0.7998
R3,SEMANTICSHIELD,3,19,0.8474
R3,SEMANTICSHIELD,3,20,0.9019
R3,SEMANTICSHIELD,4,1,0.8900
R3,SEMANTICSHIELD,4,2,0.8036
R3,SEMANTICSHIELD,4,3,0.9515
R3,SEMANTICSHIELD,4,4,1.4716
R3,SEMANTICSHIELD,4,5,1.0831
R3,SEMANTICSHIELD,4,6,1.1092
R3,SEMANTICSHIELD,4,7,0.9590
R3,SEMANTICSHIELD,4,8,0.8556
R3,SEMANTICSHIELD,4,9,0.8700
R3,SEMANTICSHIELD,4,10,0.8390
R3,SEMANTICSHIELD,4,11,0.7905
R3,SEMANTICSHIELD,4,12,0.8512
R3,SEMANTICSHIELD,4,13,0.7902
R3,SEMANTICSHIELD,4,14,0.8842
R3,SEMANTICSHIELD,4,15,0.7893
R3,SEMANTICSHIELD,4,16,0.7876
R3,SEMANTICSHIELD,4,17,0.8982
R3,SEMANTICSHIELD,4,18,0.7998
R3,SEMANTICSHIELD,4,19,0.8474
R3,SEMANTICSHIELD,4,20,0.9019
R3,SEMANTICSHIELD,5,1,0.8900
R3,SEMANTICSHIELD,5,2,0.8036
R3,SEMANTICSHIELD,5,3,0.9515
R3,SEMANTICSHIELD,5,4,1.4716
R3,SEMANTICSHIELD,5,5,1.0831
R3,SEMANTICSHIELD,5,6,1.1092
R3,SEMANTICSHIELD,5,7,0.9590
R3,SEMANTICSHIELD,5,8,0.8556
R3,SEMANTICSHIELD,5,9,0.8700
R3,SEMANTICSHIELD,5,10,0.8390
R3,SEMANTICSHIELD,5,11,0.7905
R3,SEMANTICSHIELD,5,12,0.8512
R3,SEMANTICSHIELD,5,13,0.7902
R3,SEMANTICSHIELD,5,14,0.8842
R3,SEMANTICSHIELD,5,15,0.7893
R3,SEMANTICSHIELD,5,16,0.7876
R3,SEMANTICSHIELD,5,17,0.8982
R3,SEMANTICSHIELD,5,18,0.7998
R3,SEMANTICSHIELD,5,19,0.8474
R3,SEMANTICSHIELD,5,20,0.9019
